Timestamp,UTC,Callsign,Position,Altitude,Speed,Direction
1699713653,2023-11-11T14:40:53Z,AEA051,"40.461685,-3.570724",0,0,5
1699713809,2023-11-11T14:43:29Z,AEA051,"40.461483,-3.570728",0,1,5
1699713829,2023-11-11T14:43:49Z,AEA051,"40.461273,-3.570755",0,2,354
1699713848,2023-11-11T14:44:08Z,AEA051,"40.46104,-3.57076",0,0,326
1699713875,2023-11-11T14:44:35Z,AEA051,"40.460838,-3.570618",0,2,267
1699713899,2023-11-11T14:44:59Z,AEA051,"40.460808,-3.570416",0,1,230
1699714063,2023-11-11T14:47:43Z,AEA051,"40.460678,-3.570619",0,4,230
1699714072,2023-11-11T14:47:52Z,AEA051,"40.460529,-3.570822",0,6,230
1699714080,2023-11-11T14:48:00Z,AEA051,"40.460312,-3.570953",0,8,208
1699714085,2023-11-11T14:48:05Z,AEA051,"40.460098,-3.5709",0,9,174
1699714091,2023-11-11T14:48:11Z,AEA051,"40.459888,-3.570679",0,11,143
1699714097,2023-11-11T14:48:17Z,AEA051,"40.459679,-3.5704",0,12,137
1699714101,2023-11-11T14:48:21Z,AEA051,"40.45948,-3.570135",0,13,137
1699714106,2023-11-11T14:48:26Z,AEA051,"40.459282,-3.569901",0,14,137
1699714110,2023-11-11T14:48:30Z,AEA051,"40.459061,-3.569589",0,14,137
1699714114,2023-11-11T14:48:34Z,AEA051,"40.458904,-3.569382",0,13,135
1699714120,2023-11-11T14:48:40Z,AEA051,"40.458755,-3.569031",0,12,118
1699714124,2023-11-11T14:48:44Z,AEA051,"40.458767,-3.568756",0,12,92
1699714128,2023-11-11T14:48:48Z,AEA051,"40.458889,-3.568512",0,12,61
1699714132,2023-11-11T14:48:52Z,AEA051,"40.459072,-3.568278",0,12,47
1699714137,2023-11-11T14:48:57Z,AEA051,"40.45927,-3.568044",0,13,45
1699714142,2023-11-11T14:49:02Z,AEA051,"40.459526,-3.567795",0,13,36
1699714149,2023-11-11T14:49:09Z,AEA051,"40.459969,-3.567607",0,14,14
1699714154,2023-11-11T14:49:14Z,AEA051,"40.460262,-3.567592",0,14,5
1699714161,2023-11-11T14:49:21Z,AEA051,"40.460705,-3.567576",0,13,2
1699714164,2023-11-11T14:49:24Z,AEA051,"40.460907,-3.567581",0,13,359
1699714168,2023-11-11T14:49:28Z,AEA051,"40.461132,-3.567592",0,13,351
1699714171,2023-11-11T14:49:31Z,AEA051,"40.461342,-3.567592",0,13,356
1699714175,2023-11-11T14:49:35Z,AEA051,"40.461559,-3.567596",0,13,2
1699714181,2023-11-11T14:49:41Z,AEA051,"40.461914,-3.567592",0,11,2
1699714187,2023-11-11T14:49:47Z,AEA051,"40.462135,-3.567451",0,9,28
1699714191,2023-11-11T14:49:51Z,AEA051,"40.462189,-3.56723",0,9,59
1699714198,2023-11-11T14:49:58Z,AEA051,"40.4622,-3.566864",0,10,87
1699714201,2023-11-11T14:50:01Z,AEA051,"40.462215,-3.566624",0,11,90
1699714204,2023-11-11T14:50:04Z,AEA051,"40.462215,-3.566421",0,12,90
1699714208,2023-11-11T14:50:08Z,AEA051,"40.462215,-3.566156",0,13,90
1699714211,2023-11-11T14:50:11Z,AEA051,"40.462212,-3.565933",0,13,90
1699714213,2023-11-11T14:50:13Z,AEA051,"40.462212,-3.565704",0,13,92
1699714217,2023-11-11T14:50:17Z,AEA051,"40.462246,-3.56546",0,13,84
1699714221,2023-11-11T14:50:21Z,AEA051,"40.462402,-3.56522",0,13,53
1699714225,2023-11-11T14:50:25Z,AEA051,"40.462635,-3.565109",0,13,22
1699714229,2023-11-11T14:50:29Z,AEA051,"40.462879,-3.565095",0,14,8
1699714233,2023-11-11T14:50:33Z,AEA051,"40.463123,-3.565079",0,14,5
1699714236,2023-11-11T14:50:36Z,AEA051,"40.463356,-3.565048",0,15,5
1699714240,2023-11-11T14:50:40Z,AEA051,"40.463612,-3.565032",0,15,5
1699714247,2023-11-11T14:50:47Z,AEA051,"40.464207,-3.564986",0,18,2
1699714254,2023-11-11T14:50:54Z,AEA051,"40.464809,-3.564939",0,19,5
1699714261,2023-11-11T14:51:01Z,AEA051,"40.46545,-3.564876",0,19,5
1699714268,2023-11-11T14:51:08Z,AEA051,"40.466103,-3.564829",0,20,5
1699714275,2023-11-11T14:51:15Z,AEA051,"40.466766,-3.564783",0,20,5
1699714282,2023-11-11T14:51:22Z,AEA051,"40.467442,-3.564736",0,20,5
1699714289,2023-11-11T14:51:29Z,AEA051,"40.468151,-3.564673",0,20,5
1699714296,2023-11-11T14:51:36Z,AEA051,"40.468826,-3.564626",0,21,5
1699714303,2023-11-11T14:51:43Z,AEA051,"40.469524,-3.564564",0,21,5
1699714306,2023-11-11T14:51:46Z,AEA051,"40.469849,-3.564564",0,21,359
1699714309,2023-11-11T14:51:49Z,AEA051,"40.470154,-3.564595",0,21,357
1699714312,2023-11-11T14:51:52Z,AEA051,"40.47044,-3.564651",0,21,351
1699714315,2023-11-11T14:51:55Z,AEA051,"40.470734,-3.564751",0,21,348
1699714318,2023-11-11T14:51:58Z,AEA051,"40.470978,-3.564861",0,21,343
1699714321,2023-11-11T14:52:01Z,AEA051,"40.471294,-3.565017",0,21,337
1699714324,2023-11-11T14:52:04Z,AEA051,"40.471539,-3.565201",0,21,331
1699714327,2023-11-11T14:52:07Z,AEA051,"40.471779,-3.565384",0,20,329
1699714330,2023-11-11T14:52:10Z,AEA051,"40.472008,-3.565613",0,20,326
1699714333,2023-11-11T14:52:13Z,AEA051,"40.472271,-3.565857",0,20,323
1699714336,2023-11-11T14:52:16Z,AEA051,"40.472492,-3.566093",0,20,323
1699714339,2023-11-11T14:52:19Z,AEA051,"40.472706,-3.56633",0,20,323
1699714342,2023-11-11T14:52:22Z,AEA051,"40.472935,-3.566559",0,19,323
1699714349,2023-11-11T14:52:29Z,AEA051,"40.473423,-3.567045",0,18,323
1699714356,2023-11-11T14:52:36Z,AEA051,"40.473885,-3.567505",0,17,323
1699714362,2023-11-11T14:52:42Z,AEA051,"40.474274,-3.567902",0,17,323
1699714369,2023-11-11T14:52:49Z,AEA051,"40.47472,-3.568344",0,17,323
1699714376,2023-11-11T14:52:56Z,AEA051,"40.475182,-3.568825",0,16,323
1699714383,2023-11-11T14:53:03Z,AEA051,"40.475601,-3.569246",0,16,323
1699714391,2023-11-11T14:53:11Z,AEA051,"40.476025,-3.569672",0,15,323
1699714397,2023-11-11T14:53:17Z,AEA051,"40.476414,-3.570073",0,15,323
1699714404,2023-11-11T14:53:24Z,AEA051,"40.47681,-3.570463",0,15,323
1699714411,2023-11-11T14:53:31Z,AEA051,"40.477215,-3.570892",0,15,323
1699714419,2023-11-11T14:53:39Z,AEA051,"40.477673,-3.571352",0,17,323
1699714426,2023-11-11T14:53:46Z,AEA051,"40.478161,-3.571852",0,19,323
1699714433,2023-11-11T14:53:53Z,AEA051,"40.478657,-3.572357",0,18,323
1699714439,2023-11-11T14:53:59Z,AEA051,"40.479115,-3.572815",0,18,323
1699714447,2023-11-11T14:54:07Z,AEA051,"40.479626,-3.573334",0,20,323
1699714454,2023-11-11T14:54:14Z,AEA051,"40.480167,-3.573883",0,21,323
1699714461,2023-11-11T14:54:21Z,AEA051,"40.480728,-3.574448",0,22,323
1699714468,2023-11-11T14:54:28Z,AEA051,"40.481316,-3.575051",0,21,323
1699714475,2023-11-11T14:54:35Z,AEA051,"40.481838,-3.575597",0,20,323
1699714482,2023-11-11T14:54:42Z,AEA051,"40.482372,-3.576128",0,19,323
1699714489,2023-11-11T14:54:49Z,AEA051,"40.482849,-3.576612",0,18,323
1699714496,2023-11-11T14:54:56Z,AEA051,"40.483337,-3.577111",0,17,323
1699714503,2023-11-11T14:55:03Z,AEA051,"40.483749,-3.57753",0,15,323
1699714510,2023-11-11T14:55:10Z,AEA051,"40.484131,-3.577876",0,13,326
1699714515,2023-11-11T14:55:15Z,AEA051,"40.484379,-3.578079",0,13,329
1699714519,2023-11-11T14:55:19Z,AEA051,"40.484608,-3.578247",0,13,331
1699714524,2023-11-11T14:55:24Z,AEA051,"40.484863,-3.578438",0,13,331
1699714531,2023-11-11T14:55:31Z,AEA051,"40.485214,-3.57869",0,12,331
1699714538,2023-11-11T14:55:38Z,AEA051,"40.48555,-3.578937",0,11,331
1699714545,2023-11-11T14:55:45Z,AEA051,"40.485844,-3.579132",0,10,334
1699714550,2023-11-11T14:55:50Z,AEA051,"40.48605,-3.579218",0,9,343
1699714555,2023-11-11T14:55:55Z,AEA051,"40.486256,-3.579285",0,9,348
1699714560,2023-11-11T14:56:00Z,AEA051,"40.486462,-3.5793",0,9,354
1699714565,2023-11-11T14:56:05Z,AEA051,"40.486668,-3.579315",0,8,357
1699714571,2023-11-11T14:56:11Z,AEA051,"40.486877,-3.579311",0,7,4
1699714577,2023-11-11T14:56:17Z,AEA051,"40.487103,-3.579315",0,8,2
1699714583,2023-11-11T14:56:23Z,AEA051,"40.487309,-3.579315",0,8,2
1699714589,2023-11-11T14:56:29Z,AEA051,"40.487537,-3.579178",0,8,25
1699714594,2023-11-11T14:56:34Z,AEA051,"40.48764,-3.578949",0,8,53
1699714599,2023-11-11T14:56:39Z,AEA051,"40.487667,-3.578703",0,9,75
1699714603,2023-11-11T14:56:43Z,AEA051,"40.487679,-3.578469",0,9,87
1699714607,2023-11-11T14:56:47Z,AEA051,"40.48769,-3.578235",0,10,90
1699714611,2023-11-11T14:56:51Z,AEA051,"40.487698,-3.577972",0,11,90
1699714615,2023-11-11T14:56:55Z,AEA051,"40.487698,-3.577759",0,11,90
1699714618,2023-11-11T14:56:58Z,AEA051,"40.48769,-3.577548",0,10,92
1699714621,2023-11-11T14:57:01Z,AEA051,"40.48769,-3.577329",0,10,92
1699714628,2023-11-11T14:57:08Z,AEA051,"40.487701,-3.576861",0,11,90
1699714635,2023-11-11T14:57:15Z,AEA051,"40.487701,-3.576378",0,12,90
1699714643,2023-11-11T14:57:23Z,AEA051,"40.487701,-3.575847",0,12,92
1699714649,2023-11-11T14:57:29Z,AEA051,"40.48769,-3.575363",0,12,92
1699714657,2023-11-11T14:57:37Z,AEA051,"40.487701,-3.574801",0,11,92
1699714665,2023-11-11T14:57:45Z,AEA051,"40.487709,-3.574234",0,13,90
1699714672,2023-11-11T14:57:52Z,AEA051,"40.487675,-3.57373",0,11,104
1699714677,2023-11-11T14:57:57Z,AEA051,"40.487484,-3.573506",0,12,140
1699714680,2023-11-11T14:58:00Z,AEA051,"40.487263,-3.573456",0,12,168
1699714685,2023-11-11T14:58:05Z,AEA051,"40.487045,-3.573456",0,11,177
1699714689,2023-11-11T14:58:09Z,AEA051,"40.486839,-3.573441",0,11,180
1699714694,2023-11-11T14:58:14Z,AEA051,"40.48661,-3.573459",0,10,188
1699714700,2023-11-11T14:58:20Z,AEA051,"40.486378,-3.573662",0,10,213
1699714705,2023-11-11T14:58:25Z,AEA051,"40.486248,-3.573881",0,9,227
1699714710,2023-11-11T14:58:30Z,AEA051,"40.48613,-3.574081",0,8,233
1699714717,2023-11-11T14:58:37Z,AEA051,"40.485992,-3.57431",0,6,233
1699714725,2023-11-11T14:58:45Z,AEA051,"40.485867,-3.574524",0,5,233
1699714740,2023-11-11T14:59:00Z,AEA051,"40.485741,-3.574738",0,1,233
1699714783,2023-11-11T14:59:43Z,AEA051,"40.485607,-3.574957",0,4,233
1699714790,2023-11-11T14:59:50Z,AEA051,"40.485493,-3.57516",0,7,233
1699714798,2023-11-11T14:59:58Z,AEA051,"40.48526,-3.575379",0,8,216
1699714805,2023-11-11T15:00:05Z,AEA051,"40.485031,-3.575607",0,9,222
1699714811,2023-11-11T15:00:11Z,AEA051,"40.484898,-3.575847",0,8,230
1699714819,2023-11-11T15:00:19Z,AEA051,"40.484676,-3.575863",0,6,188
1699714827,2023-11-11T15:00:27Z,AEA051,"40.484573,-3.57566",0,3,143
1699714898,2023-11-11T15:01:38Z,AEA051,"40.484386,-3.575457",0,9,143
1699714904,2023-11-11T15:01:44Z,AEA051,"40.483829,-3.574879",0,33,143
1699714912,2023-11-11T15:01:52Z,AEA051,"40.482418,-3.573459",0,64,143
1699714922,2023-11-11T15:02:02Z,AEA051,"40.47908,-3.570068",1825,104,141
1699714931,2023-11-11T15:02:11Z,AEA051,"40.474823,-3.565735",1825,134,142
1699714940,2023-11-11T15:02:20Z,AEA051,"40.46965,-3.560486",1800,166,142
1699714949,2023-11-11T15:02:29Z,AEA051,"40.464184,-3.554826",1800,190,141
1699714958,2023-11-11T15:02:38Z,AEA051,"40.457943,-3.548459",2025,193,142
1699714967,2023-11-11T15:02:47Z,AEA051,"40.451431,-3.541809",2300,198,141
1699714976,2023-11-11T15:02:56Z,AEA051,"40.445004,-3.535163",2625,198,142
1699714985,2023-11-11T15:03:05Z,AEA051,"40.437744,-3.527832",3000,200,142
1699714994,2023-11-11T15:03:14Z,AEA051,"40.430943,-3.521118",3300,202,142
1699715003,2023-11-11T15:03:23Z,AEA051,"40.424335,-3.514501",3575,204,142
1699715012,2023-11-11T15:03:32Z,AEA051,"40.417027,-3.507198",3775,210,142
1699715020,2023-11-11T15:03:40Z,AEA051,"40.410786,-3.500831",3925,215,142
1699715030,2023-11-11T15:03:50Z,AEA051,"40.402908,-3.492859",4200,217,141
1699715039,2023-11-11T15:03:59Z,AEA051,"40.395889,-3.485538",4500,217,141
1699715048,2023-11-11T15:04:08Z,AEA051,"40.388721,-3.478172",4750,218,141
1699715057,2023-11-11T15:04:17Z,AEA051,"40.381504,-3.470868",5025,219,142
1699715073,2023-11-11T15:04:33Z,AEA051,"40.368988,-3.458313",5300,231,142
1699715088,2023-11-11T15:04:48Z,AEA051,"40.356079,-3.445374",5500,248,142
1699715103,2023-11-11T15:05:03Z,AEA051,"40.341797,-3.431043",5725,262,142
1699715118,2023-11-11T15:05:18Z,AEA051,"40.326645,-3.41571",6250,263,142
1699715133,2023-11-11T15:05:33Z,AEA051,"40.312374,-3.401205",6825,260,141
1699715148,2023-11-11T15:05:48Z,AEA051,"40.297852,-3.387573",7300,259,147
1699715151,2023-11-11T15:05:51Z,AEA051,"40.294266,-3.38535",7375,258,155
1699715154,2023-11-11T15:05:54Z,AEA051,"40.29213,-3.384277",7400,257,159
1699715157,2023-11-11T15:05:57Z,AEA051,"40.287552,-3.382507",7500,256,166
1699715160,2023-11-11T15:06:00Z,AEA051,"40.284302,-3.381653",7575,255,169
1699715163,2023-11-11T15:06:03Z,AEA051,"40.280907,-3.38123",7625,253,176
1699715166,2023-11-11T15:06:06Z,AEA051,"40.277416,-3.381105",7700,253,179
1699715169,2023-11-11T15:06:09Z,AEA051,"40.273922,-3.381292",7775,251,183
1699715172,2023-11-11T15:06:12Z,AEA051,"40.269882,-3.382019",7875,249,188
1699715175,2023-11-11T15:06:15Z,AEA051,"40.266384,-3.38304",7950,250,190
1699715178,2023-11-11T15:06:18Z,AEA051,"40.263428,-3.384155",8000,248,196
1699715181,2023-11-11T15:06:21Z,AEA051,"40.260132,-3.385681",8025,250,200
1699715183,2023-11-11T15:06:23Z,AEA051,"40.257568,-3.387146",8025,251,203
1699715187,2023-11-11T15:06:27Z,AEA051,"40.25386,-3.389407",8075,252,205
1699715189,2023-11-11T15:06:29Z,AEA051,"40.251068,-3.391155",8100,256,206
1699715193,2023-11-11T15:06:33Z,AEA051,"40.247543,-3.393433",8150,260,206
1699715195,2023-11-11T15:06:35Z,AEA051,"40.244362,-3.395462",8175,262,206
1699715199,2023-11-11T15:06:39Z,AEA051,"40.240826,-3.397709",8225,265,205
1699715202,2023-11-11T15:06:42Z,AEA051,"40.237564,-3.399719",8300,267,205
1699715204,2023-11-11T15:06:44Z,AEA051,"40.234177,-3.401794",8375,269,205
1699715220,2023-11-11T15:07:00Z,AEA051,"40.217148,-3.412048",8800,275,204
1699715229,2023-11-11T15:07:09Z,AEA051,"40.207539,-3.41912",9050,271,215
1699715232,2023-11-11T15:07:12Z,AEA051,"40.204048,-3.422803",9150,268,220
1699715235,2023-11-11T15:07:15Z,AEA051,"40.201355,-3.426392",9250,265,225
1699715237,2023-11-11T15:07:17Z,AEA051,"40.199207,-3.429607",9325,264,228
1699715239,2023-11-11T15:07:19Z,AEA051,"40.197765,-3.432166",9400,262,231
1699715243,2023-11-11T15:07:23Z,AEA051,"40.195999,-3.43573",9500,258,237
1699715245,2023-11-11T15:07:25Z,AEA051,"40.194321,-3.439657",9600,257,241
1699715248,2023-11-11T15:07:28Z,AEA051,"40.192657,-3.444275",9725,256,243
1699715251,2023-11-11T15:07:31Z,AEA051,"40.191559,-3.447998",9800,254,248
1699715254,2023-11-11T15:07:34Z,AEA051,"40.190231,-3.453247",9925,253,253
1699715258,2023-11-11T15:07:38Z,AEA051,"40.189339,-3.457822",10000,254,254
1699715260,2023-11-11T15:07:40Z,AEA051,"40.188446,-3.462219",10050,257,255
1699715263,2023-11-11T15:07:43Z,AEA051,"40.187569,-3.466624",10075,260,255
1699715266,2023-11-11T15:07:46Z,AEA051,"40.186661,-3.471069",10100,263,255
1699715269,2023-11-11T15:07:49Z,AEA051,"40.185699,-3.475708",10125,267,254
1699715273,2023-11-11T15:07:53Z,AEA051,"40.184544,-3.48123",10175,272,254
1699715275,2023-11-11T15:07:55Z,AEA051,"40.183659,-3.48535",10200,272,254
1699715279,2023-11-11T15:07:59Z,AEA051,"40.182636,-3.490157",10250,275,254
1699715294,2023-11-11T15:08:14Z,AEA051,"40.177277,-3.515686",10450,288,254
1699715309,2023-11-11T15:08:29Z,AEA051,"40.171967,-3.541443",10650,299,254
1699715324,2023-11-11T15:08:44Z,AEA051,"40.16634,-3.568372",10875,310,254
1699715339,2023-11-11T15:08:59Z,AEA051,"40.160477,-3.596252",11050,321,254
1699715354,2023-11-11T15:09:14Z,AEA051,"40.154842,-3.623553",11250,331,254
1699715369,2023-11-11T15:09:29Z,AEA051,"40.1483,-3.653748",11650,337,254
1699715384,2023-11-11T15:09:44Z,AEA051,"40.142212,-3.683105",12025,342,254
1699715417,2023-11-11T15:10:17Z,AEA051,"40.128586,-3.747898",12975,345,254
1699715450,2023-11-11T15:10:50Z,AEA051,"40.114063,-3.815876",14000,346,254
1699715483,2023-11-11T15:11:23Z,AEA051,"40.099911,-3.88298",14900,352,254
1699715515,2023-11-11T15:11:55Z,AEA051,"40.085621,-3.949897",15850,353,254
1699715549,2023-11-11T15:12:29Z,AEA051,"40.070709,-4.01947",16750,357,254
1699715581,2023-11-11T15:13:01Z,AEA051,"40.05661,-4.085693",17425,363,254
1699715612,2023-11-11T15:13:32Z,AEA051,"40.042328,-4.1521",18225,366,254
1699715645,2023-11-11T15:14:05Z,AEA051,"40.027245,-4.222246",19000,368,254
1699715678,2023-11-11T15:14:38Z,AEA051,"40.01202,-4.292284",19725,371,254
1699715711,2023-11-11T15:15:11Z,AEA051,"39.996552,-4.363708",20575,373,254
1699715742,2023-11-11T15:15:42Z,AEA051,"39.981995,-4.430481",21275,375,254
1699715775,2023-11-11T15:16:15Z,AEA051,"39.965981,-4.503583",21975,378,254
1699715806,2023-11-11T15:16:46Z,AEA051,"39.951187,-4.570984",22575,380,254
1699715838,2023-11-11T15:17:18Z,AEA051,"39.935669,-4.641724",23200,383,254
1699715871,2023-11-11T15:17:51Z,AEA051,"39.919334,-4.715759",23850,385,253
1699715903,2023-11-11T15:18:23Z,AEA051,"39.90332,-4.788269",24375,389,253
1699715934,2023-11-11T15:18:54Z,AEA051,"39.887695,-4.858704",24850,394,254
1699715966,2023-11-11T15:19:26Z,AEA051,"39.871899,-4.929626",25375,396,253
1699715996,2023-11-11T15:19:56Z,AEA051,"39.856304,-4.999023",25825,400,253
1699716027,2023-11-11T15:20:27Z,AEA051,"39.839859,-5.0724",26225,406,253
1699716060,2023-11-11T15:21:00Z,AEA051,"39.822968,-5.147871",26725,408,253
1699716094,2023-11-11T15:21:34Z,AEA051,"39.804749,-5.228417",27325,409,253
1699716125,2023-11-11T15:22:05Z,AEA051,"39.788197,-5.301514",27800,411,253
1699716157,2023-11-11T15:22:37Z,AEA051,"39.770741,-5.378113",28225,416,253
1699716189,2023-11-11T15:23:09Z,AEA051,"39.753387,-5.454473",28550,422,253
1699716222,2023-11-11T15:23:42Z,AEA051,"39.734665,-5.536154",28650,433,253
1699716255,2023-11-11T15:24:15Z,AEA051,"39.715576,-5.619568",29025,438,253
1699716285,2023-11-11T15:24:45Z,AEA051,"39.697815,-5.69653",29400,440,253
1699716318,2023-11-11T15:25:18Z,AEA051,"39.678635,-5.779465",29875,440,253
1699716352,2023-11-11T15:25:52Z,AEA051,"39.659088,-5.863356",30350,440,253
1699716381,2023-11-11T15:26:21Z,AEA051,"39.641693,-5.937752",30700,441,253
1699716415,2023-11-11T15:26:55Z,AEA051,"39.621323,-6.024986",31000,442,253
1699716449,2023-11-11T15:27:29Z,AEA051,"39.601364,-6.110011",30975,441,253
1699716479,2023-11-11T15:27:59Z,AEA051,"39.583321,-6.186829",30975,443,253
1699716513,2023-11-11T15:28:33Z,AEA051,"39.563351,-6.271606",30975,444,253
1699716546,2023-11-11T15:29:06Z,AEA051,"39.543274,-6.356188",31000,444,252
1699716576,2023-11-11T15:29:36Z,AEA051,"39.525085,-6.432495",30975,444,252
1699716608,2023-11-11T15:30:08Z,AEA051,"39.50148,-6.509579",31000,449,244
1699716642,2023-11-11T15:30:42Z,AEA051,"39.470078,-6.588513",31000,450,242
1699716675,2023-11-11T15:31:15Z,AEA051,"39.436031,-6.672729",31000,452,242
1699716708,2023-11-11T15:31:48Z,AEA051,"39.404236,-6.751404",31000,450,242
1699716742,2023-11-11T15:32:22Z,AEA051,"39.372025,-6.831406",31000,451,242
1699716775,2023-11-11T15:32:55Z,AEA051,"39.341034,-6.911057",30975,449,243
1699716805,2023-11-11T15:33:25Z,AEA051,"39.313271,-6.982971",31000,448,243
1699716839,2023-11-11T15:33:59Z,AEA051,"39.282532,-7.062179",30975,446,243
1699716872,2023-11-11T15:34:32Z,AEA051,"39.252289,-7.142151",31000,443,247
1699716890,2023-11-11T15:34:50Z,AEA051,"39.240097,-7.187626",30975,440,253
1699716893,2023-11-11T15:34:53Z,AEA051,"39.238647,-7.194397",31000,439,254
1699716896,2023-11-11T15:34:56Z,AEA051,"39.237114,-7.202026",30975,440,256
1699716899,2023-11-11T15:34:59Z,AEA051,"39.235668,-7.210144",31000,438,256
1699716902,2023-11-11T15:35:02Z,AEA051,"39.234367,-7.217834",31000,438,258
1699716905,2023-11-11T15:35:05Z,AEA051,"39.233505,-7.22369",30975,438,258
1699716908,2023-11-11T15:35:08Z,AEA051,"39.232269,-7.232407",31000,438,260
1699716911,2023-11-11T15:35:11Z,AEA051,"39.231434,-7.23938",31000,438,261
1699716942,2023-11-11T15:35:42Z,AEA051,"39.221558,-7.319462",31000,438,260
1699716974,2023-11-11T15:36:14Z,AEA051,"39.210983,-7.40371",31000,440,260
1699717007,2023-11-11T15:36:47Z,AEA051,"39.200272,-7.488616",31000,440,260
1699717038,2023-11-11T15:37:18Z,AEA051,"39.19043,-7.567132",30975,440,260
1699717070,2023-11-11T15:37:50Z,AEA051,"39.180084,-7.64917",31000,442,260
1699717102,2023-11-11T15:38:22Z,AEA051,"39.169418,-7.733121",31000,440,260
1699717136,2023-11-11T15:38:56Z,AEA051,"39.158161,-7.821106",31000,440,260
1699717169,2023-11-11T15:39:29Z,AEA051,"39.147217,-7.906514",31000,439,260
1699717202,2023-11-11T15:40:02Z,AEA051,"39.136093,-7.99231",30975,440,260
1699717235,2023-11-11T15:40:35Z,AEA051,"39.125015,-8.077459",31000,438,260
1699717268,2023-11-11T15:41:08Z,AEA051,"39.114075,-8.160828",30975,437,260
1699717301,2023-11-11T15:41:41Z,AEA051,"39.102856,-8.245911",30975,438,260
1699717332,2023-11-11T15:42:12Z,AEA051,"39.092476,-8.32428",31000,437,260
1699717365,2023-11-11T15:42:45Z,AEA051,"39.08107,-8.409736",31325,440,260
1699717395,2023-11-11T15:43:15Z,AEA051,"39.070549,-8.488281",31700,440,260
1699717428,2023-11-11T15:43:48Z,AEA051,"39.059189,-8.572876",32375,435,260
1699717462,2023-11-11T15:44:22Z,AEA051,"39.047832,-8.656921",33150,428,260
1699717495,2023-11-11T15:44:55Z,AEA051,"39.036564,-8.737976",33525,429,258
1699717513,2023-11-11T15:45:13Z,AEA051,"39.027115,-8.779663",33725,431,250
1699717515,2023-11-11T15:45:15Z,AEA051,"39.024879,-8.787842",33775,432,250
1699717519,2023-11-11T15:45:19Z,AEA051,"39.022202,-8.797242",33825,431,249
1699717522,2023-11-11T15:45:22Z,AEA051,"39.019821,-8.805423",33875,432,249
1699717555,2023-11-11T15:45:55Z,AEA051,"38.99588,-8.884216",34375,430,248
1699717586,2023-11-11T15:46:26Z,AEA051,"38.973221,-8.957082",34825,428,248
1699717619,2023-11-11T15:46:59Z,AEA051,"38.949188,-9.034241",35400,422,248
1699717649,2023-11-11T15:47:29Z,AEA051,"38.927124,-9.105577",35850,421,248
1699717682,2023-11-11T15:48:02Z,AEA051,"38.903595,-9.181884",36200,422,248
1699717715,2023-11-11T15:48:35Z,AEA051,"38.880615,-9.255981",36600,420,248
1699717749,2023-11-11T15:49:09Z,AEA051,"38.862644,-9.337769",36975,416,259
1699717781,2023-11-11T15:49:41Z,AEA051,"38.853195,-9.413074",36975,414,260
1699717814,2023-11-11T15:50:14Z,AEA051,"38.842674,-9.495605",36975,414,260
1699717846,2023-11-11T15:50:46Z,AEA051,"38.832619,-9.573914",37000,413,260
1699717880,2023-11-11T15:51:20Z,AEA051,"38.822098,-9.655518",37000,413,260
1699717913,2023-11-11T15:51:53Z,AEA051,"38.811859,-9.734192",37000,413,260
1699717944,2023-11-11T15:52:24Z,AEA051,"38.802361,-9.807007",36975,413,260
1699717977,2023-11-11T15:52:57Z,AEA051,"38.791672,-9.88877",37000,413,260
1699718010,2023-11-11T15:53:30Z,AEA051,"38.781189,-9.968361",37000,413,260
1699718043,2023-11-11T15:54:03Z,AEA051,"38.770477,-10.048848",36975,413,260
1699718075,2023-11-11T15:54:35Z,AEA051,"38.760132,-10.126469",36975,413,260
1699718104,2023-11-11T15:55:04Z,AEA051,"38.750874,-10.195679",37000,413,260
1699718139,2023-11-11T15:55:39Z,AEA051,"38.739624,-10.278904",36975,413,260
1699718172,2023-11-11T15:56:12Z,AEA051,"38.728867,-10.358436",36975,414,260
1699718205,2023-11-11T15:56:45Z,AEA051,"38.717972,-10.438922",36975,414,260
1699718238,2023-11-11T15:57:18Z,AEA051,"38.707024,-10.518616",37000,414,259
1699718271,2023-11-11T15:57:51Z,AEA051,"38.696083,-10.598083",37125,414,259
1699718304,2023-11-11T15:58:24Z,AEA051,"38.685284,-10.676392",37500,412,259
1699718338,2023-11-11T15:58:58Z,AEA051,"38.673832,-10.758606",37850,410,259
1699718371,2023-11-11T15:59:31Z,AEA051,"38.662891,-10.836731",38000,409,259
1699718404,2023-11-11T16:00:04Z,AEA051,"38.651764,-10.916016",38000,408,259
1699718434,2023-11-11T16:00:34Z,AEA051,"38.641708,-10.987488",38000,408,259
1699718466,2023-11-11T16:01:06Z,AEA051,"38.630955,-11.06311",38000,406,259
1699718501,2023-11-11T16:01:41Z,AEA051,"38.61969,-11.142395",38000,406,259
1699718533,2023-11-11T16:02:13Z,AEA051,"38.608658,-11.21936",38000,407,259
1699718567,2023-11-11T16:02:47Z,AEA051,"38.597065,-11.299683",37975,406,259
1699718600,2023-11-11T16:03:20Z,AEA051,"38.585632,-11.378672",37975,406,259
1699718633,2023-11-11T16:03:53Z,AEA051,"38.574417,-11.455994",38000,406,259
1699718666,2023-11-11T16:04:26Z,AEA051,"38.562973,-11.534271",38000,408,259
1699718699,2023-11-11T16:04:59Z,AEA051,"38.551529,-11.612012",38000,406,259
1699718729,2023-11-11T16:05:29Z,AEA051,"38.541111,-11.682922",38000,406,259
1699718763,2023-11-11T16:06:03Z,AEA051,"38.52951,-11.761223",38000,406,259
1699718795,2023-11-11T16:06:35Z,AEA051,"38.518253,-11.83667",37975,406,259
1699718826,2023-11-11T16:07:06Z,AEA051,"38.507309,-11.909717",38000,406,259
1699718859,2023-11-11T16:07:39Z,AEA051,"38.495441,-11.988831",37975,406,259
1699718892,2023-11-11T16:08:12Z,AEA051,"38.484055,-12.064242",38000,406,259
1699718924,2023-11-11T16:08:44Z,AEA051,"38.472336,-12.141326",37975,406,259
1699718955,2023-11-11T16:09:15Z,AEA051,"38.461319,-12.213867",37975,406,259
1699718987,2023-11-11T16:09:47Z,AEA051,"38.449722,-12.289701",37975,406,258
1699719020,2023-11-11T16:10:20Z,AEA051,"38.438187,-12.364336",37975,406,258
1699719053,2023-11-11T16:10:53Z,AEA051,"38.426193,-12.442375",38000,408,258
1699719086,2023-11-11T16:11:26Z,AEA051,"38.414108,-12.520294",38000,406,258
1699719116,2023-11-11T16:11:56Z,AEA051,"38.403076,-12.59115",37975,406,258
1699719155,2023-11-11T16:12:35Z,AEA051,"38.388565,-12.683658",37975,406,258
1699719189,2023-11-11T16:13:09Z,AEA051,"38.376114,-12.762548",37975,407,258
1699719222,2023-11-11T16:13:42Z,AEA051,"38.364029,-12.839161",37975,408,258
1699719255,2023-11-11T16:14:15Z,AEA051,"38.351715,-12.916824",37975,408,258
1699719285,2023-11-11T16:14:45Z,AEA051,"38.340145,-12.989482",37975,408,258
1699719318,2023-11-11T16:15:18Z,AEA051,"38.327774,-13.066834",38000,408,258
1699719335,2023-11-11T16:15:35Z,AEA051,"38.321777,-13.103943",38000,408,258
1699719390,2023-11-11T16:16:30Z,AEA051,"38.300491,-13.235603",38000,409,258
1699719445,2023-11-11T16:17:25Z,AEA051,"38.279663,-13.363699",38000,396,258
1699719486,2023-11-11T16:18:06Z,AEA051,"38.263565,-13.462013",37975,410,258
1699719520,2023-11-11T16:18:40Z,AEA051,"38.250626,-13.540769",37975,410,258
1699719527,2023-11-11T16:18:47Z,AEA051,"38.24794,-13.557012",37975,410,258
1699719590,2023-11-11T16:19:50Z,AEA051,"38.223312,-13.705444",38000,410,258
1699719619,2023-11-11T16:20:19Z,AEA051,"38.211754,-13.774587",38000,411,258
1699720760,2023-11-11T16:39:20Z,AEA051,"37.763271,-16.478291",37996,413,257
1699721734,2023-11-11T16:55:34Z,AEA051,"37.301376,-18.777037",37975,411,255
1699721760,2023-11-11T16:56:00Z,AEA051,"37.288376,-18.838104",38000,423,255
1699721917,2023-11-11T16:58:37Z,AEA051,"37.208504,-19.210669",37975,424,254
1699721938,2023-11-11T16:58:58Z,AEA051,"37.197937,-19.259571",38000,425,254
1699722059,2023-11-11T17:00:59Z,AEA051,"37.135483,-19.545904",38000,426,254
1699722071,2023-11-11T17:01:11Z,AEA051,"37.128799,-19.576292",38000,426,254
1699722135,2023-11-11T17:02:15Z,AEA051,"37.095612,-19.726595",37975,427,254
1699722142,2023-11-11T17:02:22Z,AEA051,"37.091473,-19.745417",38000,427,254
1699722214,2023-11-11T17:03:34Z,AEA051,"37.053627,-19.915646",38000,430,254
1699722253,2023-11-11T17:04:13Z,AEA051,"37.033237,-20.011179",37975,433,256
1699722267,2023-11-11T17:04:27Z,AEA051,"37.027084,-20.045725",38000,434,257
1699722342,2023-11-11T17:05:42Z,AEA051,"36.998741,-20.228518",38000,437,258
1699722374,2023-11-11T17:06:14Z,AEA051,"36.986126,-20.309362",37975,439,258
1699722405,2023-11-11T17:06:45Z,AEA051,"36.974022,-20.386982",38000,439,258
1699722436,2023-11-11T17:07:16Z,AEA051,"36.961964,-20.463648",38000,440,258
1699722475,2023-11-11T17:07:55Z,AEA051,"36.946465,-20.561092",37975,439,258
1699722519,2023-11-11T17:08:39Z,AEA051,"36.929718,-20.666803",37975,439,258
1699722546,2023-11-11T17:09:06Z,AEA051,"36.918579,-20.736574",38000,439,258
1699722604,2023-11-11T17:10:04Z,AEA051,"36.89534,-20.880802",37975,439,258
1699722641,2023-11-11T17:10:41Z,AEA051,"36.880592,-20.971468",37975,439,258
1699722672,2023-11-11T17:11:12Z,AEA051,"36.867744,-21.050581",38000,348,258
1699722713,2023-11-11T17:11:53Z,AEA051,"36.85173,-21.148741",37975,436,258
1699722744,2023-11-11T17:12:24Z,AEA051,"36.838509,-21.2288",38000,438,258
1699722776,2023-11-11T17:12:56Z,AEA051,"36.825428,-21.3081",38000,440,258
1699722809,2023-11-11T17:13:29Z,AEA051,"36.812115,-21.388453",37975,440,258
1699722844,2023-11-11T17:14:04Z,AEA051,"36.797653,-21.475468",37975,440,258
1699722876,2023-11-11T17:14:36Z,AEA051,"36.784332,-21.554832",37975,440,258
1699722908,2023-11-11T17:15:08Z,AEA051,"36.771099,-21.633541",37975,440,258
1699722939,2023-11-11T17:15:39Z,AEA051,"36.757927,-21.711906",37975,440,258
1699722970,2023-11-11T17:16:10Z,AEA051,"36.745193,-21.786919",38000,439,258
1699723002,2023-11-11T17:16:42Z,AEA051,"36.731323,-21.868114",37975,440,257
1699723035,2023-11-11T17:17:15Z,AEA051,"36.717613,-21.948112",37975,440,257
1699723065,2023-11-11T17:17:45Z,AEA051,"36.704727,-22.023182",38000,440,257
1699723097,2023-11-11T17:18:17Z,AEA051,"36.690891,-22.103733",37975,441,257
1699723130,2023-11-11T17:18:50Z,AEA051,"36.676971,-22.184084",37975,441,257
1699723161,2023-11-11T17:19:21Z,AEA051,"36.663757,-22.260303",37975,442,257
1699723194,2023-11-11T17:19:54Z,AEA051,"36.649292,-22.343044",37975,444,257
1699723225,2023-11-11T17:20:25Z,AEA051,"36.635376,-22.422009",38000,446,257
1699723257,2023-11-11T17:20:57Z,AEA051,"36.621414,-22.501144",38000,447,257
1699723289,2023-11-11T17:21:29Z,AEA051,"36.607143,-22.582106",38000,447,257
1699723321,2023-11-11T17:22:01Z,AEA051,"36.593079,-22.661591",37975,447,257
1699723353,2023-11-11T17:22:33Z,AEA051,"36.578934,-22.740997",38000,447,257
1699723384,2023-11-11T17:23:04Z,AEA051,"36.56506,-22.818663",38000,447,257
1699723415,2023-11-11T17:23:35Z,AEA051,"36.550919,-22.89711",37975,447,257
1699723448,2023-11-11T17:24:08Z,AEA051,"36.536041,-22.979336",37975,447,257
1699723480,2023-11-11T17:24:40Z,AEA051,"36.52158,-23.059425",38000,449,257
1699723510,2023-11-11T17:25:10Z,AEA051,"36.507427,-23.136856",37975,450,257
1699723543,2023-11-11T17:25:43Z,AEA051,"36.49295,-23.216099",38000,451,257
1699723574,2023-11-11T17:26:14Z,AEA051,"36.478317,-23.296165",38000,452,257
1699723606,2023-11-11T17:26:46Z,AEA051,"36.463482,-23.376568",37975,451,257
1699723637,2023-11-11T17:27:17Z,AEA051,"36.449051,-23.455109",38000,451,257
1699723668,2023-11-11T17:27:48Z,AEA051,"36.434555,-23.533459",38000,451,257
1699723700,2023-11-11T17:28:20Z,AEA051,"36.419449,-23.614483",37975,450,256
1699723732,2023-11-11T17:28:52Z,AEA051,"36.404114,-23.695908",38000,450,256
1699723764,2023-11-11T17:29:24Z,AEA051,"36.389328,-23.774414",38000,451,256
1699723795,2023-11-11T17:29:55Z,AEA051,"36.374523,-23.852896",37975,454,256
1699723828,2023-11-11T17:30:28Z,AEA051,"36.358646,-23.936871",37975,454,256
1699723859,2023-11-11T17:30:59Z,AEA051,"36.343689,-24.015484",38000,453,256
1699723891,2023-11-11T17:31:31Z,AEA051,"36.328583,-24.094791",37975,454,256
1699723923,2023-11-11T17:32:03Z,AEA051,"36.312698,-24.177761",37975,454,256
1699723956,2023-11-11T17:32:36Z,AEA051,"36.296688,-24.26091",38000,454,256
1699723988,2023-11-11T17:33:08Z,AEA051,"36.281021,-24.342098",37975,455,256
1699724020,2023-11-11T17:33:40Z,AEA051,"36.265549,-24.422092",38000,454,256
1699724052,2023-11-11T17:34:12Z,AEA051,"36.249847,-24.502831",37975,453,256
1699724084,2023-11-11T17:34:44Z,AEA051,"36.233871,-24.584312",37975,452,256
1699724116,2023-11-11T17:35:16Z,AEA051,"36.218262,-24.664192",37975,451,256
1699724146,2023-11-11T17:35:46Z,AEA051,"36.203209,-24.740744",38000,452,256
1699724178,2023-11-11T17:36:18Z,AEA051,"36.187637,-24.819717",38000,451,256
1699724210,2023-11-11T17:36:50Z,AEA051,"36.172073,-24.897823",38000,452,256
1699724240,2023-11-11T17:37:20Z,AEA051,"36.156471,-24.97578",38000,453,256
1699724273,2023-11-11T17:37:53Z,AEA051,"36.140167,-25.057297",38000,451,256
1699724304,2023-11-11T17:38:24Z,AEA051,"36.124786,-25.134659",38000,449,256
1699724337,2023-11-11T17:38:57Z,AEA051,"36.10815,-25.217596",37975,450,255
1699724369,2023-11-11T17:39:29Z,AEA051,"36.092148,-25.296307",38000,452,255
1699724400,2023-11-11T17:40:00Z,AEA051,"36.075844,-25.376431",38000,454,255
1699724432,2023-11-11T17:40:32Z,AEA051,"36.059784,-25.455494",38000,454,255
1699724464,2023-11-11T17:41:04Z,AEA051,"36.043537,-25.535149",38000,454,255
1699724496,2023-11-11T17:41:36Z,AEA051,"36.0271,-25.615368",37975,455,255
1699724527,2023-11-11T17:42:07Z,AEA051,"36.010849,-25.694218",37975,454,255
1699724560,2023-11-11T17:42:40Z,AEA051,"35.993725,-25.777256",38000,454,255
1699724592,2023-11-11T17:43:12Z,AEA051,"35.977337,-25.85644",37975,453,255
1699724623,2023-11-11T17:43:43Z,AEA051,"35.960907,-25.93504",37975,454,255
1699724654,2023-11-11T17:44:14Z,AEA051,"35.944656,-26.01305",38000,455,255
1699724686,2023-11-11T17:44:46Z,AEA051,"35.928085,-26.092178",38000,456,255
1699724718,2023-11-11T17:45:18Z,AEA051,"35.911011,-26.173267",38000,459,255
1699724751,2023-11-11T17:45:51Z,AEA051,"35.893406,-26.256681",38000,459,255
1699724783,2023-11-11T17:46:23Z,AEA051,"35.875992,-26.338978",38000,459,255
1699724815,2023-11-11T17:46:55Z,AEA051,"35.858864,-26.419256",37975,461,255
1699724846,2023-11-11T17:47:26Z,AEA051,"35.842243,-26.497446",37975,462,255
1699724877,2023-11-11T17:47:57Z,AEA051,"35.825394,-26.576103",38000,462,255
1699724909,2023-11-11T17:48:29Z,AEA051,"35.807564,-26.658968",38000,463,255
1699724942,2023-11-11T17:49:02Z,AEA051,"35.789501,-26.742476",37975,464,255
1699724975,2023-11-11T17:49:35Z,AEA051,"35.771484,-26.825809",38000,464,255
1699725005,2023-11-11T17:50:05Z,AEA051,"35.754681,-26.903473",38000,463,255
1699725038,2023-11-11T17:50:38Z,AEA051,"35.736664,-26.986454",37975,463,255
1699725069,2023-11-11T17:51:09Z,AEA051,"35.719067,-27.066456",38000,465,255
1699725101,2023-11-11T17:51:41Z,AEA051,"35.701096,-27.148211",38000,466,254
1699725132,2023-11-11T17:52:12Z,AEA051,"35.683735,-27.227102",38000,468,254
1699725163,2023-11-11T17:52:43Z,AEA051,"35.666153,-27.306805",38000,467,254
1699725196,2023-11-11T17:53:16Z,AEA051,"35.647655,-27.390202",37975,465,254
1699725228,2023-11-11T17:53:48Z,AEA051,"35.629532,-27.471542",37975,465,254
1699725259,2023-11-11T17:54:19Z,AEA051,"35.611858,-27.55073",37975,465,254
1699725290,2023-11-11T17:54:50Z,AEA051,"35.593746,-27.631317",38000,466,254
1699725322,2023-11-11T17:55:22Z,AEA051,"35.575928,-27.710667",37975,466,254
1699725354,2023-11-11T17:55:54Z,AEA051,"35.557251,-27.793131",38000,468,254
1699725385,2023-11-11T17:56:25Z,AEA051,"35.539047,-27.873659",37975,470,254
1699725417,2023-11-11T17:56:57Z,AEA051,"35.520756,-27.954245",38000,469,254
1699725449,2023-11-11T17:57:29Z,AEA051,"35.50177,-28.037682",38000,471,254
1699725482,2023-11-11T17:58:02Z,AEA051,"35.482162,-28.123188",37975,470,254
1699725515,2023-11-11T17:58:35Z,AEA051,"35.463169,-28.206053",38000,468,254
1699725547,2023-11-11T17:59:07Z,AEA051,"35.444595,-28.286877",38000,467,254
1699725579,2023-11-11T17:59:39Z,AEA051,"35.425602,-28.368628",38000,468,254
1699725610,2023-11-11T18:00:10Z,AEA051,"35.406933,-28.449097",38000,467,254
1699725642,2023-11-11T18:00:42Z,AEA051,"35.387985,-28.530384",37975,467,254
1699725674,2023-11-11T18:01:14Z,AEA051,"35.369179,-28.61132",37975,467,254
1699725705,2023-11-11T18:01:45Z,AEA051,"35.350616,-28.690224",38000,467,253
1699725738,2023-11-11T18:02:18Z,AEA051,"35.331242,-28.772667",38000,466,253
1699725769,2023-11-11T18:02:49Z,AEA051,"35.312439,-28.852386",37975,466,253
1699725801,2023-11-11T18:03:21Z,AEA051,"35.293159,-28.933956",38000,464,253
1699725833,2023-11-11T18:03:53Z,AEA051,"35.274166,-29.014074",37950,464,253
1699725866,2023-11-11T18:04:26Z,AEA051,"35.254715,-29.095631",37975,466,253
1699725896,2023-11-11T18:04:56Z,AEA051,"35.236225,-29.172733",38000,467,253
1699725930,2023-11-11T18:05:30Z,AEA051,"35.215324,-29.259968",38000,468,253
1699725963,2023-11-11T18:06:03Z,AEA051,"35.195709,-29.341623",37975,466,253
1699725993,2023-11-11T18:06:33Z,AEA051,"35.177013,-29.418526",37975,467,253
1699726027,2023-11-11T18:07:07Z,AEA051,"35.156296,-29.504738",38000,467,253
1699726059,2023-11-11T18:07:39Z,AEA051,"35.136841,-29.585005",37975,467,253
1699726091,2023-11-11T18:08:11Z,AEA051,"35.116974,-29.666393",38000,468,253
1699726125,2023-11-11T18:08:45Z,AEA051,"35.096523,-29.750118",38000,467,253
1699726159,2023-11-11T18:09:19Z,AEA051,"35.075134,-29.837074",37975,467,253
1699726193,2023-11-11T18:09:53Z,AEA051,"35.053711,-29.923843",37975,468,253
1699726226,2023-11-11T18:10:26Z,AEA051,"35.033844,-30.004278",37925,469,253
1699726258,2023-11-11T18:10:58Z,AEA051,"35.013153,-30.087236",38000,471,252
1699726290,2023-11-11T18:11:30Z,AEA051,"34.992691,-30.168737",37975,470,252
1699726322,2023-11-11T18:12:02Z,AEA051,"34.972137,-30.250454",38025,470,252
1699726354,2023-11-11T18:12:34Z,AEA051,"34.951748,-30.330849",38000,470,252
1699726387,2023-11-11T18:13:07Z,AEA051,"34.930893,-30.413406",38000,469,252
1699726419,2023-11-11T18:13:39Z,AEA051,"34.910595,-30.494213",38000,468,252
1699726451,2023-11-11T18:14:11Z,AEA051,"34.889599,-30.575752",37975,469,252
1699726473,2023-11-11T18:14:33Z,AEA051,"34.875633,-30.630569",38000,469,252
1699726530,2023-11-11T18:15:30Z,AEA051,"34.839432,-30.771864",37975,467,252
1699726563,2023-11-11T18:16:03Z,AEA051,"34.817871,-30.855495",38000,467,252
1699726597,2023-11-11T18:16:37Z,AEA051,"34.795807,-30.940359",38000,468,252
1699726624,2023-11-11T18:17:04Z,AEA051,"34.780712,-30.998783",38000,468,252
1699726716,2023-11-11T18:18:36Z,AEA051,"34.718399,-31.237999",38000,466,252
1699726748,2023-11-11T18:19:08Z,AEA051,"34.697105,-31.31916",38000,468,252
1699726772,2023-11-11T18:19:32Z,AEA051,"34.681324,-31.379185",38000,468,252
1699726894,2023-11-11T18:21:34Z,AEA051,"34.600754,-31.683786",38000,468,252
1699726904,2023-11-11T18:21:44Z,AEA051,"34.59407,-31.708729",38000,468,251
1699728178,2023-11-11T18:42:58Z,AEA051,"33.701591,-34.87009",38000,469,250
1699728824,2023-11-11T18:53:44Z,AEA051,"33.216305,-36.454182",38000,469,249
1699729906,2023-11-11T19:11:46Z,AEA051,"32.357826,-39.071503",37996,472,248
1699730495,2023-11-11T19:21:35Z,AEA051,"31.904827,-40.468445",38000,473,259
1699731058,2023-11-11T19:30:58Z,AEA051,"31.678391,-41.906147",38996,467,257
1699732348,2023-11-11T19:52:28Z,AEA051,"31.011267,-45.031036",39000,472,257
1699732786,2023-11-11T19:59:46Z,AEA051,"30.82077,-46.161118",38996,468,257
1699734514,2023-11-11T20:28:34Z,AEA051,"29.960918,-50.453854",39000,475,259
1699736242,2023-11-11T20:57:22Z,AEA051,"29.19754,-54.696465",38996,469,257
1699738461,2023-11-11T21:34:21Z,AEA051,"28.033848,-60.013847",38996,472,255
1699740274,2023-11-11T22:04:34Z,AEA051,"27.516117,-64.455757",39000,471,262
1699742002,2023-11-11T22:33:22Z,AEA051,"26.906376,-68.568939",39000,462,260
1699743091,2023-11-11T22:51:31Z,AEA051,"26.465721,-71.110382",38996,459,258
1699743508,2023-11-11T22:58:28Z,AEA051,"26.284058,-72.084618",39000,464,258
1699743536,2023-11-11T22:58:56Z,AEA051,"26.271561,-72.150017",38975,464,257
1699743536,2023-11-11T22:58:56Z,AEA051,"26.271988,-72.147903",38975,464,257
1699743701,2023-11-11T23:01:41Z,AEA051,"26.197458,-72.535225",39000,465,257
1699743732,2023-11-11T23:02:12Z,AEA051,"26.183258,-72.608383",38975,465,257
1699743781,2023-11-11T23:03:01Z,AEA051,"26.16124,-72.721619",38975,465,257
1699743812,2023-11-11T23:03:32Z,AEA051,"26.146809,-72.79525",39000,465,257
1699743870,2023-11-11T23:04:30Z,AEA051,"26.120041,-72.931839",38975,466,257
1699743911,2023-11-11T23:05:11Z,AEA051,"26.101135,-73.027626",39000,466,257
1699743930,2023-11-11T23:05:30Z,AEA051,"26.092438,-73.071625",39000,466,257
1699743993,2023-11-11T23:06:33Z,AEA051,"26.064272,-73.213524",39000,468,257
1699744026,2023-11-11T23:07:06Z,AEA051,"26.04776,-73.296379",39000,468,257
1699744057,2023-11-11T23:07:37Z,AEA051,"26.033175,-73.369392",39000,469,257
1699744090,2023-11-11T23:08:10Z,AEA051,"26.017487,-73.44783",39000,468,257
1699744120,2023-11-11T23:08:40Z,AEA051,"26.003428,-73.517708",38975,468,257
1699744154,2023-11-11T23:09:14Z,AEA051,"25.98774,-73.595566",39000,468,257
1699744178,2023-11-11T23:09:38Z,AEA051,"25.971958,-73.653084",38975,472,247
1699744181,2023-11-11T23:09:41Z,AEA051,"25.969208,-73.659958",38975,472,245
1699744184,2023-11-11T23:09:44Z,AEA051,"25.96637,-73.666489",39000,473,243
1699744187,2023-11-11T23:09:47Z,AEA051,"25.96344,-73.672783",39000,473,243
1699744190,2023-11-11T23:09:50Z,AEA051,"25.960274,-73.679176",39000,474,241
1699744193,2023-11-11T23:09:53Z,AEA051,"25.956848,-73.685669",38975,474,239
1699744195,2023-11-11T23:09:55Z,AEA051,"25.955933,-73.687378",39000,475,238
1699744199,2023-11-11T23:09:59Z,AEA051,"25.949936,-73.697639",39000,476,236
1699744202,2023-11-11T23:10:02Z,AEA051,"25.946411,-73.703232",39000,476,235
1699744205,2023-11-11T23:10:05Z,AEA051,"25.94252,-73.70919",39000,478,233
1699744209,2023-11-11T23:10:09Z,AEA051,"25.937603,-73.716469",39000,478,233
1699744211,2023-11-11T23:10:11Z,AEA051,"25.934996,-73.720375",38975,478,233
1699744215,2023-11-11T23:10:15Z,AEA051,"25.929565,-73.72847",38975,478,233
1699744217,2023-11-11T23:10:17Z,AEA051,"25.926682,-73.732826",38975,478,233
1699744249,2023-11-11T23:10:49Z,AEA051,"25.885139,-73.795326",39000,477,233
1699744279,2023-11-11T23:11:19Z,AEA051,"25.845989,-73.854057",38975,478,233
1699744312,2023-11-11T23:11:52Z,AEA051,"25.80162,-73.92054",39050,479,233
1699744342,2023-11-11T23:12:22Z,AEA051,"25.762661,-73.980537",39375,479,234
1699744376,2023-11-11T23:12:56Z,AEA051,"25.719864,-74.047089",39800,478,234
1699744409,2023-11-11T23:13:29Z,AEA051,"25.67688,-74.113716",40000,480,234
1699744442,2023-11-11T23:14:02Z,AEA051,"25.634628,-74.179077",40000,478,234
1699744472,2023-11-11T23:14:32Z,AEA051,"25.595444,-74.2397",39975,477,234
1699744505,2023-11-11T23:15:05Z,AEA051,"25.553101,-74.305115",39975,478,234
1699744538,2023-11-11T23:15:38Z,AEA051,"25.510254,-74.371132",39975,479,234
1699744572,2023-11-11T23:16:12Z,AEA051,"25.467224,-74.437309",39975,480,234
1699744605,2023-11-11T23:16:45Z,AEA051,"25.423553,-74.504242",39975,480,234
1699744638,2023-11-11T23:17:18Z,AEA051,"25.381071,-74.569389",39975,480,234
1699744668,2023-11-11T23:17:48Z,AEA051,"25.34198,-74.629265",39975,480,234
1699744702,2023-11-11T23:18:22Z,AEA051,"25.29858,-74.695732",39975,478,234
1699744734,2023-11-11T23:18:54Z,AEA051,"25.25592,-74.760895",40000,478,234
1699744767,2023-11-11T23:19:27Z,AEA051,"25.213165,-74.826202",40000,477,234
1699744800,2023-11-11T23:20:00Z,AEA051,"25.171539,-74.889549",39975,477,234
1699744831,2023-11-11T23:20:31Z,AEA051,"25.130854,-74.951477",40000,477,234
1699744862,2023-11-11T23:21:02Z,AEA051,"25.090485,-75.012817",40000,478,234
1699744892,2023-11-11T23:21:32Z,AEA051,"25.051163,-75.072426",39975,479,234
1699744926,2023-11-11T23:22:06Z,AEA051,"25.007257,-75.138916",39975,478,234
1699744959,2023-11-11T23:22:39Z,AEA051,"24.963638,-75.204926",39975,479,234
1699744993,2023-11-11T23:23:13Z,AEA051,"24.919971,-75.270958",39975,479,234
1699745026,2023-11-11T23:23:46Z,AEA051,"24.876259,-75.33683",40000,482,233
1699745057,2023-11-11T23:24:17Z,AEA051,"24.83655,-75.396629",39975,482,234
1699745090,2023-11-11T23:24:50Z,AEA051,"24.792755,-75.462547",40000,482,233
1699745120,2023-11-11T23:25:20Z,AEA051,"24.75243,-75.523232",39975,481,234
1699745153,2023-11-11T23:25:53Z,AEA051,"24.709396,-75.587868",39975,482,233
1699745187,2023-11-11T23:26:27Z,AEA051,"24.665359,-75.653893",39975,482,233
1699745220,2023-11-11T23:27:00Z,AEA051,"24.622925,-75.719658",39975,479,235
1699745253,2023-11-11T23:27:33Z,AEA051,"24.580765,-75.786034",39975,480,235
1699745286,2023-11-11T23:28:06Z,AEA051,"24.538336,-75.852821",40000,478,235
1699745316,2023-11-11T23:28:36Z,AEA051,"24.500582,-75.912109",39975,478,235
1699745350,2023-11-11T23:29:10Z,AEA051,"24.458038,-75.9786",40000,478,235
1699745382,2023-11-11T23:29:42Z,AEA051,"24.416277,-76.043839",39925,478,234
1699745416,2023-11-11T23:30:16Z,AEA051,"24.373947,-76.109825",39575,482,234
1699745448,2023-11-11T23:30:48Z,AEA051,"24.33252,-76.17437",39225,483,234
1699745479,2023-11-11T23:31:19Z,AEA051,"24.29282,-76.236206",38975,481,234
1699745509,2023-11-11T23:31:49Z,AEA051,"24.253647,-76.29715",39000,478,234
1699745543,2023-11-11T23:32:23Z,AEA051,"24.210754,-76.363678",38975,478,234
1699745573,2023-11-11T23:32:53Z,AEA051,"24.172211,-76.423439",39000,479,234
1699745607,2023-11-11T23:33:27Z,AEA051,"24.128723,-76.49073",38975,480,234
1699745638,2023-11-11T23:33:58Z,AEA051,"24.089767,-76.550957",38975,479,234
1699745671,2023-11-11T23:34:31Z,AEA051,"24.046738,-76.617378",38975,478,234
1699745702,2023-11-11T23:35:02Z,AEA051,"24.008102,-76.677094",38975,478,234
1699745735,2023-11-11T23:35:35Z,AEA051,"23.965256,-76.743065",39000,479,234
1699745765,2023-11-11T23:36:05Z,AEA051,"23.926208,-76.803131",39000,479,234
1699745799,2023-11-11T23:36:39Z,AEA051,"23.88316,-76.869316",38975,480,234
1699745832,2023-11-11T23:37:12Z,AEA051,"23.840332,-76.934975",39000,480,234
1699745865,2023-11-11T23:37:45Z,AEA051,"23.79797,-76.999802",38975,481,234
1699745898,2023-11-11T23:38:18Z,AEA051,"23.755188,-77.065224",38975,481,234
1699745928,2023-11-11T23:38:48Z,AEA051,"23.715637,-77.125755",39000,481,234
1699745961,2023-11-11T23:39:21Z,AEA051,"23.673019,-77.190857",39000,480,234
1699745995,2023-11-11T23:39:55Z,AEA051,"23.630173,-77.256218",38975,478,234
1699746028,2023-11-11T23:40:28Z,AEA051,"23.587646,-77.321571",38975,477,236
1699746042,2023-11-11T23:40:42Z,AEA051,"23.572632,-77.351891",38975,474,245
1699746045,2023-11-11T23:40:45Z,AEA051,"23.569956,-77.358673",39000,473,246
1699746048,2023-11-11T23:40:48Z,AEA051,"23.567396,-77.365776",38975,473,248
1699746052,2023-11-11T23:40:52Z,AEA051,"23.564928,-77.37339",39000,471,250
1699746054,2023-11-11T23:40:54Z,AEA051,"23.563299,-77.378784",38975,471,251
1699746057,2023-11-11T23:40:57Z,AEA051,"23.561417,-77.385864",38975,471,253
1699746061,2023-11-11T23:41:01Z,AEA051,"23.559576,-77.393394",38975,470,255
1699746064,2023-11-11T23:41:04Z,AEA051,"23.558121,-77.400566",39000,469,257
1699746067,2023-11-11T23:41:07Z,AEA051,"23.556829,-77.407753",38975,469,259
1699746070,2023-11-11T23:41:10Z,AEA051,"23.555805,-77.41423",38975,469,260
1699746073,2023-11-11T23:41:13Z,AEA051,"23.55492,-77.421227",39000,468,262
1699746076,2023-11-11T23:41:16Z,AEA051,"23.554035,-77.429153",39000,468,262
1699746079,2023-11-11T23:41:19Z,AEA051,"23.553268,-77.435966",38975,467,262
1699746081,2023-11-11T23:41:21Z,AEA051,"23.552687,-77.440865",38975,468,262
1699746085,2023-11-11T23:41:25Z,AEA051,"23.551712,-77.449036",38975,467,262
1699746118,2023-11-11T23:41:58Z,AEA051,"23.542444,-77.526344",39000,468,262
1699746149,2023-11-11T23:42:29Z,AEA051,"23.533785,-77.599281",38975,468,262
1699746179,2023-11-11T23:42:59Z,AEA051,"23.525312,-77.670341",38975,468,262
1699746211,2023-11-11T23:43:31Z,AEA051,"23.516514,-77.743279",39000,468,262
1699746244,2023-11-11T23:44:04Z,AEA051,"23.507217,-77.821159",39000,469,262
1699746275,2023-11-11T23:44:35Z,AEA051,"23.498499,-77.893524",39000,470,262
1699746306,2023-11-11T23:45:06Z,AEA051,"23.489748,-77.965599",39000,468,262
1699746337,2023-11-11T23:45:37Z,AEA051,"23.480759,-78.038734",38975,469,262
1699746368,2023-11-11T23:46:08Z,AEA051,"23.471786,-78.112144",39000,469,262
1699746401,2023-11-11T23:46:41Z,AEA051,"23.462374,-78.188629",39000,469,262
1699746435,2023-11-11T23:47:15Z,AEA051,"23.452366,-78.26757",38975,469,261
1699746468,2023-11-11T23:47:48Z,AEA051,"23.44124,-78.344978",39000,469,261
1699746501,2023-11-11T23:48:21Z,AEA051,"23.430161,-78.421989",39000,469,261
1699746532,2023-11-11T23:48:52Z,AEA051,"23.419872,-78.493805",39000,469,261
1699746565,2023-11-11T23:49:25Z,AEA051,"23.40889,-78.571472",38975,469,261
1699746595,2023-11-11T23:49:55Z,AEA051,"23.398911,-78.641785",38975,469,261
1699746628,2023-11-11T23:50:28Z,AEA051,"23.388153,-78.717339",38975,469,261
1699746659,2023-11-11T23:50:59Z,AEA051,"23.377462,-78.791756",38975,470,261
1699746694,2023-11-11T23:51:34Z,AEA051,"23.365952,-78.871895",38975,470,261
1699746727,2023-11-11T23:52:07Z,AEA051,"23.354839,-78.948723",38975,470,261
1699746760,2023-11-11T23:52:40Z,AEA051,"23.343521,-79.026459",39000,470,261
1699746792,2023-11-11T23:53:12Z,AEA051,"23.332634,-79.101257",38975,469,261
1699746823,2023-11-11T23:53:43Z,AEA051,"23.322298,-79.171959",39000,468,261
1699746856,2023-11-11T23:54:16Z,AEA051,"23.31102,-79.248726",38975,467,260
1699746889,2023-11-11T23:54:49Z,AEA051,"23.299759,-79.325287",38975,467,260
1699746922,2023-11-11T23:55:22Z,AEA051,"23.288269,-79.40329",39000,468,260
1699746955,2023-11-11T23:55:55Z,AEA051,"23.276817,-79.48008",39000,468,260
1699746986,2023-11-11T23:56:26Z,AEA051,"23.266436,-79.550117",39000,468,260
1699747019,2023-11-11T23:56:59Z,AEA051,"23.25499,-79.626808",39000,467,260
1699747052,2023-11-11T23:57:32Z,AEA051,"23.243532,-79.703369",38975,468,260
1699747085,2023-11-11T23:58:05Z,AEA051,"23.231987,-79.780121",39000,467,260
1699747115,2023-11-11T23:58:35Z,AEA051,"23.22142,-79.85041",39000,467,260
1699747148,2023-11-11T23:59:08Z,AEA051,"23.209808,-79.927032",38975,468,260
1699747182,2023-11-11T23:59:42Z,AEA051,"23.198044,-80.00444",38975,468,260
1699747215,2023-11-12T00:00:15Z,AEA051,"23.186413,-80.080772",38975,468,260
1699747248,2023-11-12T00:00:48Z,AEA051,"23.174606,-80.157997",38750,468,260
1699747278,2023-11-12T00:01:18Z,AEA051,"23.163895,-80.227913",37675,468,260
1699747311,2023-11-12T00:01:51Z,AEA051,"23.15201,-80.305122",36150,470,260
1699747345,2023-11-12T00:02:25Z,AEA051,"23.139816,-80.384163",34275,482,260
1699747378,2023-11-12T00:02:58Z,AEA051,"23.127617,-80.462898",32550,487,260
1699747411,2023-11-12T00:03:31Z,AEA051,"23.115189,-80.542915",31300,483,260
1699747441,2023-11-12T00:04:01Z,AEA051,"23.104061,-80.61422",30200,479,260
1699747473,2023-11-12T00:04:33Z,AEA051,"23.092192,-80.69046",29025,472,260
1699747505,2023-11-12T00:05:05Z,AEA051,"23.080692,-80.763451",27925,467,260
1699747540,2023-11-12T00:05:40Z,AEA051,"23.068039,-80.843895",26725,466,260
1699747571,2023-11-12T00:06:11Z,AEA051,"23.056549,-80.916054",25650,463,260
1699747603,2023-11-12T00:06:43Z,AEA051,"23.045034,-80.988617",24625,456,260
1699747637,2023-11-12T00:07:17Z,AEA051,"23.033112,-81.06337",23975,439,260
1699747670,2023-11-12T00:07:50Z,AEA051,"23.022038,-81.133827",23600,416,260
1699747703,2023-11-12T00:08:23Z,AEA051,"23.011551,-81.199852",23275,396,260
1699747736,2023-11-12T00:08:56Z,AEA051,"23.001507,-81.263023",22875,379,260
1699747766,2023-11-12T00:09:26Z,AEA051,"22.992476,-81.318718",22250,374,259
1699747799,2023-11-12T00:09:59Z,AEA051,"22.9827,-81.379242",21750,362,260
1699747833,2023-11-12T00:10:33Z,AEA051,"22.973099,-81.438705",21000,360,260
1699747866,2023-11-12T00:11:06Z,AEA051,"22.963474,-81.497902",20250,359,260
1699747899,2023-11-12T00:11:39Z,AEA051,"22.953918,-81.556511",19500,358,260
1699747932,2023-11-12T00:12:12Z,AEA051,"22.944527,-81.614532",18775,356,259
1699747962,2023-11-12T00:12:42Z,AEA051,"22.935915,-81.667229",18150,351,259
1699747995,2023-11-12T00:13:15Z,AEA051,"22.926682,-81.724052",17450,345,259
1699748029,2023-11-12T00:13:49Z,AEA051,"22.917389,-81.780678",16725,341,259
1699748062,2023-11-12T00:14:22Z,AEA051,"22.908325,-81.835709",16050,334,260
1699748095,2023-11-12T00:14:55Z,AEA051,"22.899511,-81.890053",15375,329,259
1699748128,2023-11-12T00:15:28Z,AEA051,"22.890619,-81.943001",14625,326,259
1699748161,2023-11-12T00:16:01Z,AEA051,"22.881821,-81.996712",13800,323,260
1699748194,2023-11-12T00:16:34Z,AEA051,"22.873169,-82.048996",13025,323,259
1699748228,2023-11-12T00:17:08Z,AEA051,"22.864365,-82.102104",12100,318,259
1699748259,2023-11-12T00:17:39Z,AEA051,"22.856218,-82.150826",11000,310,259
1699748271,2023-11-12T00:17:51Z,AEA051,"22.85321,-82.168846",10550,304,259
1699748286,2023-11-12T00:18:06Z,AEA051,"22.849503,-82.191521",9875,300,260
1699748300,2023-11-12T00:18:20Z,AEA051,"22.846115,-82.211555",9425,292,259
1699748315,2023-11-12T00:18:35Z,AEA051,"22.84259,-82.232613",9150,275,259
1699748330,2023-11-12T00:18:50Z,AEA051,"22.839294,-82.252693",8675,269,259
1699748345,2023-11-12T00:19:05Z,AEA051,"22.835999,-82.272865",8075,269,259
1699748360,2023-11-12T00:19:20Z,AEA051,"22.832703,-82.292595",7450,271,259
1699748375,2023-11-12T00:19:35Z,AEA051,"22.829224,-82.312714",6875,272,259
1699748405,2023-11-12T00:20:05Z,AEA051,"22.822403,-82.352966",6100,266,259
1699748420,2023-11-12T00:20:20Z,AEA051,"22.819244,-82.372093",5775,266,259
1699748436,2023-11-12T00:20:36Z,AEA051,"22.815763,-82.39283",5500,264,259
1699748453,2023-11-12T00:20:53Z,AEA051,"22.81192,-82.415787",5175,262,259
1699748471,2023-11-12T00:21:11Z,AEA051,"22.808075,-82.438461",4875,261,259
1699748481,2023-11-12T00:21:21Z,AEA051,"22.805988,-82.450661",4725,260,259
1699748489,2023-11-12T00:21:29Z,AEA051,"22.804276,-82.460732",4600,258,259
1699748501,2023-11-12T00:21:41Z,AEA051,"22.801472,-82.477417",4375,257,259
1699748517,2023-11-12T00:21:57Z,AEA051,"22.798553,-82.496735",4100,255,263
1699748518,2023-11-12T00:21:58Z,AEA051,"22.798462,-82.497787",4075,254,265
1699748522,2023-11-12T00:22:02Z,AEA051,"22.798691,-82.503876",4000,255,273
1699748525,2023-11-12T00:22:05Z,AEA051,"22.799332,-82.507675",3950,255,273
1699748528,2023-11-12T00:22:08Z,AEA051,"22.800339,-82.511322",3900,255,273
1699748537,2023-11-12T00:22:17Z,AEA051,"22.805374,-82.521255",3750,252,303
1699748545,2023-11-12T00:22:25Z,AEA051,"22.811666,-82.52813",3575,250,320
1699748550,2023-11-12T00:22:30Z,AEA051,"22.815857,-82.531441",3500,249,321
1699748552,2023-11-12T00:22:32Z,AEA051,"22.817301,-82.532501",3475,250,324
1699748556,2023-11-12T00:22:36Z,AEA051,"22.822048,-82.53611",3375,248,324
1699748586,2023-11-12T00:23:06Z,AEA051,"22.849236,-82.557274",3050,238,324
1699748595,2023-11-12T00:23:15Z,AEA051,"22.857285,-82.563354",2975,229,326
1699748598,2023-11-12T00:23:18Z,AEA051,"22.860031,-82.565056",2950,227,329
1699748601,2023-11-12T00:23:21Z,AEA051,"22.863153,-82.566628",2925,225,335
1699748603,2023-11-12T00:23:23Z,AEA051,"22.865021,-82.567299",2900,223,337
1699748605,2023-11-12T00:23:25Z,AEA051,"22.867064,-82.567902",2875,223,337
1699748607,2023-11-12T00:23:27Z,AEA051,"22.869186,-82.568245",2850,223,337
1699748613,2023-11-12T00:23:33Z,AEA051,"22.874838,-82.568054",2800,212,5
1699748616,2023-11-12T00:23:36Z,AEA051,"22.877678,-82.567345",2750,210,12
1699748619,2023-11-12T00:23:39Z,AEA051,"22.880127,-82.566353",2725,206,21
1699748622,2023-11-12T00:23:42Z,AEA051,"22.883032,-82.564598",2700,204,31
1699748625,2023-11-12T00:23:45Z,AEA051,"22.884848,-82.563171",2675,202,34
1699748631,2023-11-12T00:23:51Z,AEA051,"22.888779,-82.559212",2600,196,45
1699748634,2023-11-12T00:23:54Z,AEA051,"22.890976,-82.556564",2550,195,48
1699748635,2023-11-12T00:23:55Z,AEA051,"22.891205,-82.556267",2550,195,49
1699748640,2023-11-12T00:24:00Z,AEA051,"22.894157,-82.552185",2450,195,49
1699748644,2023-11-12T00:24:04Z,AEA051,"22.895737,-82.549973",2400,193,53
1699748644,2023-11-12T00:24:04Z,AEA051,"22.896578,-82.548775",2400,193,53
1699748652,2023-11-12T00:24:12Z,AEA051,"22.900768,-82.542625",2300,190,53
1699748655,2023-11-12T00:24:15Z,AEA051,"22.902258,-82.540337",2250,188,54
1699748656,2023-11-12T00:24:16Z,AEA051,"22.902769,-82.539574",2250,187,54
1699748661,2023-11-12T00:24:21Z,AEA051,"22.905121,-82.535988",2200,185,54
1699748663,2023-11-12T00:24:23Z,AEA051,"22.906355,-82.534081",2175,183,54
1699748670,2023-11-12T00:24:30Z,AEA051,"22.909519,-82.529198",2100,180,54
1699748679,2023-11-12T00:24:39Z,AEA051,"22.913361,-82.523354",2025,174,54
1699748689,2023-11-12T00:24:49Z,AEA051,"22.918226,-82.516022",1950,167,54
1699748696,2023-11-12T00:24:56Z,AEA051,"22.92153,-82.51104",1900,166,54
1699748707,2023-11-12T00:25:07Z,AEA051,"22.926373,-82.503761",1750,164,54
1699748714,2023-11-12T00:25:14Z,AEA051,"22.929398,-82.499237",1675,162,54
1699748728,2023-11-12T00:25:28Z,AEA051,"22.935217,-82.490387",1475,159,54
1699748736,2023-11-12T00:25:36Z,AEA051,"22.939041,-82.48465",1350,152,54
1699748745,2023-11-12T00:25:45Z,AEA051,"22.942703,-82.479111",1225,144,54
1699748755,2023-11-12T00:25:55Z,AEA051,"22.946297,-82.473701",1125,138,54
1699748764,2023-11-12T00:26:04Z,AEA051,"22.949694,-82.46862",1025,135,54
1699748773,2023-11-12T00:26:13Z,AEA051,"22.953003,-82.463631",925,134,54
1699748782,2023-11-12T00:26:22Z,AEA051,"22.95612,-82.458954",825,131,54
1699748791,2023-11-12T00:26:31Z,AEA051,"22.959366,-82.454094",725,130,54
1699748800,2023-11-12T00:26:40Z,AEA051,"22.962357,-82.449547",625,131,54
1699748809,2023-11-12T00:26:49Z,AEA051,"22.965429,-82.444862",550,134,54
1699748818,2023-11-12T00:26:58Z,AEA051,"22.969162,-82.439209",425,135,54
1699748826,2023-11-12T00:27:06Z,AEA051,"22.972,-82.435013",350,136,54
1699748835,2023-11-12T00:27:15Z,AEA051,"22.975296,-82.430023",250,138,54
